[
  {
    "name": "SEHAJPREET KAUR",
    "email": "sehajpreet2207.be23@chitkara.edu.in"
  },
  {
    "name": "rehan",
    "email": "rehan@gmail.com"
  },
  {
    "name": "checking",
    "email": "checking@gmail.com"
  },
  {
    "email": "ajhf@gmail.com",
    "password": "aklfha"
  },
  {
    "email": "firsecheck@gmail.com",
    "password": "jakfjk"
  },
  {
    "email": "anuj@gmaiil.com",
    "password": "kaljfa"
  },
  {
    "email": "hello@gmail.com",
    "password": "halfka"
  },
  {
    "email": "what@gmail.com",
    "password": "klafh"
  },
  {
    "email": "lastcheck@gmail.com",
    "password": "thisis lastchek"
  },
  {
    "email": "hello@gmail.com",
    "password": "abvc"
  },
  {
    "email": "tarun@gmail.com",
    "password": "tarun"
  },
  {
    "email": "supreem@gmail.com",
    "password": "supreem"
  },
  {
    "email": "sawan@gmail.com",
    "password": "sawan"
  },
  {
    "email": "vansh@gmail.com",
    "password": "vansh"
  },
  {
    "email": "lastcheck@gmail.com",
    "password": "lastcheck"
  },
  {
    "email": "vikas@gmail.com",
    "password": "vikas"
  }
]